{"stats":{"minecraft:killed":{"minecraft:pillager":1},"minecraft:used":{"minecraft:wooden_sword":5,"minecraft:dirt":1,"minecraft:crafting_table":1},"minecraft:custom":{"minecraft:open_chest":5,"minecraft:time_since_rest":6423,"minecraft:crouch_one_cm":23,"minecraft:play_time":8132,"minecraft:sprint_one_cm":10408,"minecraft:deaths":1,"minecraft:damage_taken":245,"minecraft:walk_one_cm":18039,"minecraft:sneak_time":32,"minecraft:walk_under_water_one_cm":3862,"minecraft:mob_kills":1,"minecraft:drop":1,"minecraft:jump":107,"minecraft:damage_dealt":240,"minecraft:walk_on_water_one_cm":2435,"minecraft:time_since_death":6390,"minecraft:total_world_time":8132,"minecraft:swim_one_cm":5451,"minecraft:interact_with_crafting_table":1,"minecraft:fall_one_cm":2212,"minecraft:fly_one_cm":11153},"minecraft:crafted":{"minecraft:wooden_sword":1,"minecraft:acacia_planks":12,"minecraft:crafting_table":1,"minecraft:stick":4},"minecraft:mined":{"minecraft:short_grass":1,"minecraft:oak_log":1,"minecraft:acacia_log":3,"minecraft:acacia_leaves":3,"minecraft:tall_grass":7},"minecraft:picked_up":{"minecraft:wheat_seeds":2,"minecraft:acacia_log":3,"minecraft:oak_log":1,"minecraft:dirt":1},"minecraft:dropped":{"minecraft:wheat_seeds":1}},"DataVersion":3953}