{"stats":{"minecraft:used":{"minecraft:stone_sword":19,"minecraft:bread":2,"minecraft:stone_pickaxe":25,"minecraft:wooden_pickaxe":9,"minecraft:leather_boots":1,"minecraft:rotten_flesh":4,"minecraft:stone_axe":1,"minecraft:torch":1,"minecraft:wooden_sword":5,"minecraft:dirt":1,"minecraft:crafting_table":2,"minecraft:oak_boat":1},"minecraft:killed":{"minecraft:skeleton":1,"minecraft:pillager":1,"minecraft:zombie":2,"minecraft:drowned":1},"minecraft:custom":{"minecraft:time_since_rest":18423,"minecraft:sprint_one_cm":19708,"minecraft:damage_taken":558,"minecraft:walk_one_cm":57378,"minecraft:mob_kills":5,"minecraft:drop":6,"minecraft:damage_dealt":1205,"minecraft:interact_with_crafting_table":9,"minecraft:swim_one_cm":13243,"minecraft:fly_one_cm":20931,"minecraft:open_chest":5,"minecraft:crouch_one_cm":23,"minecraft:play_time":20132,"minecraft:deaths":1,"minecraft:sneak_time":43,"minecraft:walk_under_water_one_cm":5551,"minecraft:boat_one_cm":101210,"minecraft:jump":235,"minecraft:time_since_death":18390,"minecraft:walk_on_water_one_cm":6351,"minecraft:total_world_time":20132,"minecraft:fall_one_cm":3584},"minecraft:mined":{"minecraft:acacia_leaves":3,"minecraft:kelp_plant":7,"minecraft:crafting_table":1,"minecraft:short_grass":1,"minecraft:acacia_log":3,"minecraft:coal_ore":12,"minecraft:oak_log":5,"minecraft:copper_ore":4,"minecraft:tall_grass":7,"minecraft:stone":18,"minecraft:kelp":4},"minecraft:crafted":{"minecraft:wooden_sword":1,"minecraft:oak_boat":1,"minecraft:oak_planks":20,"minecraft:crafting_table":2,"minecraft:stick":16,"minecraft:wooden_pickaxe":1,"minecraft:stone_pickaxe":2,"minecraft:stone_sword":2,"minecraft:acacia_planks":12,"minecraft:torch":4,"minecraft:stone_axe":1,"minecraft:bread":5},"minecraft:picked_up":{"minecraft:crafting_table":1,"minecraft:acacia_log":3,"minecraft:oak_log":5,"minecraft:dirt":1,"minecraft:raw_copper":19,"minecraft:arrow":2,"minecraft:bone":1,"minecraft:rotten_flesh":1,"minecraft:kelp":32,"minecraft:wheat_seeds":2,"minecraft:coal":12,"minecraft:cobblestone":25},"minecraft:dropped":{"minecraft:bread":3,"minecraft:wheat_seeds":1,"minecraft:stone_sword":1,"minecraft:stone_pickaxe":1}},"DataVersion":3953}