{"stats":{"minecraft:used":{"minecraft:dirt":4},"minecraft:custom":{"minecraft:jump":71,"minecraft:time_since_rest":3657,"minecraft:damage_taken":40,"minecraft:crouch_one_cm":181,"minecraft:sprint_one_cm":2140,"minecraft:play_time":3657,"minecraft:walk_on_water_one_cm":3658,"minecraft:time_since_death":3657,"minecraft:walk_one_cm":16133,"minecraft:sneak_time":51,"minecraft:total_world_time":3657,"minecraft:walk_under_water_one_cm":2561,"minecraft:swim_one_cm":3189,"minecraft:fall_one_cm":1341,"minecraft:fly_one_cm":1219},"minecraft:mined":{"minecraft:grass_block":2,"minecraft:oak_planks":2,"minecraft:dirt":3},"minecraft:picked_up":{"minecraft:oak_planks":2,"minecraft:dirt":4}},"DataVersion":3953}