{"stats":{"minecraft:killed":{"minecraft:zombie":2},"minecraft:used":{"minecraft:stone_sword":8,"minecraft:bread":3,"minecraft:stone_pickaxe":72,"minecraft:dirt":4,"minecraft:crafting_table":1},"minecraft:custom":{"minecraft:time_since_rest":15657,"minecraft:sprint_one_cm":6120,"minecraft:damage_taken":223,"minecraft:walk_one_cm":56035,"minecraft:mob_kills":2,"minecraft:drop":2,"minecraft:damage_dealt":315,"minecraft:swim_one_cm":3189,"minecraft:interact_with_crafting_table":1,"minecraft:fly_one_cm":3613,"minecraft:crouch_one_cm":635,"minecraft:play_time":15657,"minecraft:sneak_time":116,"minecraft:walk_under_water_one_cm":4681,"minecraft:boat_one_cm":117520,"minecraft:jump":182,"minecraft:walk_on_water_one_cm":6635,"minecraft:time_since_death":15657,"minecraft:total_world_time":15657,"minecraft:fall_one_cm":1759},"minecraft:mined":{"minecraft:spruce_stairs":1,"minecraft:andesite":7,"minecraft:crafting_table":1,"minecraft:grass_block":2,"minecraft:coal_ore":8,"minecraft:dirt":3,"minecraft:copper_ore":7,"minecraft:stone":50,"minecraft:oak_planks":6},"minecraft:picked_up":{"minecraft:crafting_table":1,"minecraft:andesite":7,"minecraft:spruce_stairs":1,"minecraft:dirt":4,"minecraft:raw_copper":22,"minecraft:stone_sword":1,"minecraft:rotten_flesh":2,"minecraft:kelp":12,"minecraft:stone_pickaxe":1,"minecraft:bread":3,"minecraft:oak_planks":12,"minecraft:coal":8,"minecraft:cobblestone":49},"minecraft:dropped":{"minecraft:oak_planks":6,"minecraft:spruce_stairs":1}},"DataVersion":3953}